2.5-5万/月,python后台开发工程师(10001263),深圳-南山区
1-2万/月,Python研发工程师,深圳-南山区
1-2万/月,Python开发工程师,北京-朝阳区
0.8-1万/月,Python Web开发工程师,上海-闵行区
2.5-3万/月,移动平台后端高级开发工程师（Go/Python）,北京-东城区
1-1.5万/月,高级软件测试工程师(Python),上海-长宁区
0.7-1.3万/月,软件开发（C/C++/Python),广州-天河区
1-1.5万/月,Python 软件工程师,上海-浦东新区
1.5-3万/月,Python开发工程师,深圳-南山区
6-8千/月,Python软件工程师,上海-杨浦区
1-1.5万/月,Python高级开发工程师,上海-黄浦区
1.5-2.2万/月,高级python工程师,上海-黄浦区
1.5-2万/月,python爬虫工程师（数据挖掘方向）,深圳-南山区
0.8-1.5万/月,Python开发工程师,上海-黄浦区
1-1.5万/月,Python高级工程师,北京-朝阳区
1-1.5万/月,Python开发工程师,北京-海淀区
1.5-2.5万/月,python,北京-海淀区
1.2-2.5万/月,Python开发工程师,北京-海淀区
2-2.5万/月,资深Python 开发工程师,上海
0.8-1.5万/月,python开发工程师,北京-西城区
0.6-1万/月,Python开发工程师,上海-浦东新区
1.5-3万/月,Python研发工程师,上海-徐汇区
0.8-1.5万/月,Python数据工程师,上海
0.8-1万/月,Python工程师,上海-浦东新区
1.4-2.5万/月,Python开发工程师,北京
0.8-1.5万/月,Python开发工程师,深圳-福田区
1.2-3万/月,Python程序员(游戏开发),上海-浦东新区
1.2-1.8万/月,Python+GO高级开发工程师,广州-天河区
1.5-3万/月,python开发工程师（爬虫）（C）,上海-徐汇区
0.7-1万/月,Python开发工程师,广州
1-2万/月,软件测试工程师（C++、java、python）,北京
1-1.5万/月,python 工程师,上海-徐汇区
0.8-3万/月,python研发工程师,北京
5-8千/月,python/java开发工程师,深圳
1-1.5万/月,Python工程师,上海
0.8-1万/月,Python开发工程师,上海-闵行区
1-1.6万/月,Python开发工程师,北京-海淀区
1.5-2.5万/月,资深Python开发工程师,深圳-南山区
1.2-2万/月,Python中高级开发工程师,北京-朝阳区
1-1.5万/月,python中级工程师,北京
0.8-1万/月,python开发工程师,北京-海淀区
0.8-1.5万/月,Python数据开发工程师,上海-杨浦区
0.6-1.2万/月,Python程序员 数据挖掘方向,深圳-福田区
1.5-2.5万/月,Python 软件开发工程师,深圳-南山区
1-1.5万/月,Python开发工程师,北京
2-3.5万/月,高级Python开发工程师,北京-朝阳区
0.6-1万/月,python开发工程师（NO.集成1612）,北京
1.5-2万/月,python高级工程师,北京
1-1.5万/月,python开发工程师,北京-朝阳区
1.5-2.5万/月,Python开发工程师,上海-闵行区
0.8-1.5万/月,Python高级软件工程师,广州-番禺区
1.2-2万/月,Python开发,广州-天河区
1-1.5万/月,Python开发工程师,广州
1.5-2万/月,Python后端开发工程师,北京-朝阳区
1-1.5万/月,Python开发,深圳
1.5-3万/月,资深Python开发,上海-长宁区
0.8-1.2万/月,python开发工程师,广州-天河区
1-1.5万/月,中高级python开发工程师,北京-西城区
2-2.5万/月,Python开发工程师（驻外）,异地招聘
0.9-1.5万/月,Python开发工程师,深圳-龙华新区
2.5-3万/月,Python工程师（网络爬虫方向）,北京
2.5-4.5万/月,python开发工程师(J10904),北京-海淀区
0.8-1.5万/月,Python工程师/ 后端研发,广州
0.8-1.6万/月,python爬虫工程师,北京-海淀区
1.5-2万/月,Python Developer,上海-浦东新区
1-1.5万/月,云方向业务部门_Python开发工程师,北京-海淀区
1-1.5万/月,软件开发工程师（php+python）,深圳-南山区
2.5-3万/月,Python高级开发工程师,上海-黄浦区
0.8-1.5万/月,python工程师,上海-浦东新区
1.5-2万/月,平台测试部_python web开发工程师,北京-海淀区
1.5-2.5万/月,Python工程师,上海
1.5-2万/月,JAVA/Python爬虫开发工程师,上海
1.5-2.2万/月,Python程序员,上海
1.5-2万/月,python资深爬虫工程师,深圳
1-1.5万/月,Python 开发工程师,深圳-福田区
0.8-2万/月,python开发工程师,北京-丰台区
0.7-1万/月,Python工程师,广州-天河区
3-4.5千/月,量化工程师（实习生，linux/c++/python）,上海-浦东新区
1.5-2万/月,高级Python开发工程师,北京-朝阳区
0.6-1万/月,Python开发工程师+实习生（大数据方向）,上海-杨浦区
0.8-1.2万/月,python开发工程师,上海-虹口区
1-1.5万/月,Python开发工程师,上海-杨浦区
1.5-2万/月,Python开发,上海
0.6-1.5万/月,python工程师,北京-海淀区
1.5-2万/月,Junior Python Web Developer,上海-浦东新区
1-1.5万/月,Python开发工程师,深圳-南山区
1.2-1.5万/月,python开发工程师,上海-长宁区
1-4万/月,python工程师,深圳-龙岗区
1-1.5万/月,Python开发工程师,深圳-福田区
1-1.6万/月,Python 开发工程师(大数据方向),深圳-福田区
1-1.5万/月,Python开发工程师,上海-徐汇区
1-1.5万/月,python就业指导专员,北京-昌平区
2-2.5万/月,Python开发工程师,北京-朝阳区
1-1.5万/月,Python自动化测试工程师,上海-虹口区
6-8千/月,python程序员,上海-普陀区
1-1.5万/月,Python开发工程师,上海-徐汇区
0.8-2万/月,python工程师,深圳-宝安区
1.5-2万/月,python高级大数据开发工程师,上海-长宁区
1.2-2.4万/月,python讲师,北京-海淀区
1.2-2.4万/月,Python开发,上海-杨浦区
0.6-1.5万/月,Python开发工程师,深圳-福田区
1.5-2万/月,Python开发工程师,深圳-福田区
5-7千/月,Python工程师,广州-天河区
1-1.8万/月,Python开发工程师,北京
1-1.5万/月,Python开发（熟悉odoo）,上海-长宁区
1-2万/月,Python 开发工程师,上海-浦东新区
0.8-1万/月,运维开发工程师 （Python）--淘米游戏,上海-徐汇区
2-3万/月,后端开发C++/PYTHON（主程级别）,广州
1-1.5万/月,python开发工程师,上海-浦东新区
,Python开发工程师,北京
1-1.8万/月,Python开发工程师,北京-海淀区
1.5-2万/月,python软件工程师,深圳-南山区
0.5-1万/月,Python程序员,深圳-南山区
1-1.5万/月,Python爬虫工程师,广州-白云区
1-2.5万/月,python-北京-00026,北京
1-1.5万/月,python中级开发工程师,广州
1-1.5万/月,Python/Django开发工程师,广州-番禺区
1.5-2万/月,Python研发工程师,北京-海淀区
1-1.5万/月,Python（scrapy）爬虫运营工程师,广州
1-2.5万/月,Python开发工程师,深圳-南山区
1-2万/月,Python高级开发工程师,广州-海珠区
1-2万/月,Python开发工程师,深圳-宝安区
0.6-1.5万/月,Python开发工程师,深圳-龙华新区
10-15万/年,Python开发工程师,上海
2-2.5万/月,Python高级开发工程师,深圳-南山区
0.8-1.2万/月,Python开发工程师,广州
1.5-2万/月,web后端开发（python）,上海-闵行区
6-9千/月,Python高级工程师/架构师--电信信息化,北京-海淀区
1.5-2万/月,Python开发工程师,北京
1-2万/月,python/odoo开发,上海-浦东新区
1.5-2万/月,Python开发工程师,深圳-南山区
248元/天,python爬虫实习生,上海-杨浦区
1-1.5万/月,后端工程师（python）,广州-天河区
1-1.2万/月,Python开发工程师,北京-东城区
1.5-2.5万/月,Python开发工程师,深圳-罗湖区
1-1.5万/月,Python开发工程师,北京-海淀区
0.7-1.2万/月,Python 后台工程师,上海-浦东新区
1-2万/月,Python开发工程师,北京-东城区
,Python开发工程师,上海-长宁区
1.2-2万/月,Python软件工程师,上海
1-1.5万/月,Python开发工程师（长亮合度-深圳）,深圳-福田区
,高级软件开发工程师（C++/Python）_互联网金融项目,深圳-福田区
0.8-1.3万/月,中级程序员（Python）,北京
0.8-1.5万/月,python开发工程师,深圳
0.8-1万/月,Python开发工程师,异地招聘
,python高级数据开发工程师（阿基米德）,上海
0.8-1.2万/月,python开发工程师,北京-东城区
1.5-2万/月,Python高级工程师,广州
0.8-1万/月,python工程师,北京-海淀区
0.9-1.3万/月,Python高级软件工程师,广州-天河区
1-2万/月,Python工程师,广州-番禺区
1-2万/月,Python开发工程师,上海-浦东新区
1-1.5万/月,Python开发工程师,北京
0.6-1万/月,Python,北京-丰台区
15-25万/年,Python开发工程师,深圳-南山区
1.5-2.5万/月,广告后台开发工程师（Python）,上海
0.8-1.2万/月,Python开发工程师,广州-天河区
0.8-1万/月,python程序员,北京
0.8-1.5万/月,python工程师,上海-浦东新区
1.5-2万/月,Open ERP ODOO（Python）,上海-浦东新区
1-1.5万/月,Python开发工程师,深圳-南山区
1-2万/月,Python开发工程师,深圳
1-1.5万/月,Python开发工程师,上海-普陀区
1.5-2.5万/月,Python高级工程师,异地招聘
0.8-1万/月,游戏运维工程师-python,广州-天河区
4-8千/月,Python工程师/软件工程师,深圳
0.8-1.5万/月,Python爬虫开发工程师,广州-天河区
1-1.5万/月,自然语言处理工程师（python java),上海-浦东新区
0.7-1.5万/月,python开发工程师,上海-浦东新区
1.2-2万/月,后台开发工程师（Python、C++）,上海-浦东新区
7-9千/月,Python开发工程师,深圳-南山区
1.2-2.4万/月,Python开发工程师,深圳-南山区
1-1.5万/月,Python工程师,异地招聘
1-1.5万/月,python工程师,上海-徐汇区
1-1.5万/月,Python后端工程师,上海-浦东新区
1-2万/月,Python开发工程师,上海-静安区
1.5-2万/月,python工程师（网络安全）,上海-徐汇区
1.8-2.5万/月,高级Python工程师,上海-徐汇区
30-40万/年,运维开发工程师（Python）,上海
0.6-1万/月,Python开发工程师,广州
1.5-2.5万/月,Python开发工程师,深圳-南山区
1-1.5万/月,网络安全工程师（python开发方向）,深圳-罗湖区
1-1.5万/月,Python,广州
1.2-2万/月,Python开发工程师,深圳-南山区
0.5-1.2万/月,Python开发工程师,深圳
1-1.5万/月,Python数据挖掘工程师,深圳-南山区
20-30万/年,python高级工程师--第四事业部,北京-昌平区
0.8-1.2万/月,Python/PHP开发工程师,广州
1-1.5万/月,Python开发工程师,北京-朝阳区
1.5-2万/月,Python开发工程师,上海-长宁区
1.2-2万/月,PHP开发组长/python开发,广州-越秀区
2.5-4万/月,Python工程师,上海-浦东新区
1.5-2万/月,Python开发工程师,广州
1-2万/月,Python开发工程师,深圳-南山区
1.5-2万/月,python攻城狮,深圳-南山区
2-5万/月,python课程经理,北京-海淀区
1-1.8万/月,Python开发工程师/中级高级python软件工程师,上海-普陀区
1-1.5万/月,python开发工程师,北京-朝阳区
6-8千/月,Python/Odoo初级开发工程师,上海
0.7-1万/月,Python开发工程师,深圳-福田区
1.2-2.4万/月,Python开发工程师,深圳
1.5-2万/月,Python开发工程师,北京
1-1.5万/月,Python开发工程师,上海-长宁区
0.6-1.5万/月,python web 高级开发工程师,上海
0.8-1.2万/月,Python程序员,广州
0.8-1万/月,互联网软件开发工程师(python方向),上海
2.5-3万/月,高级Python开发工程师,上海-松江区
1-1.5万/月,Python开发工程师,深圳
0.8-1.5万/月,Python Web产品开发工程师,广州
1.5-2万/月,Python高级工程师,北京-海淀区
1-1.5万/月,Python开发工程师,上海-徐汇区
1.2-1.8万/月,Python开发工程师,上海-黄浦区
1-1.3万/月,Python开发工程师,深圳
1.5-2万/月,高级Python开发工程师（产品开发）,上海-普陀区
0.8-1万/月,Python运维工程师,上海-徐汇区
1.5-2.5万/月,python 软件工程师,北京-朝阳区
1.8-2.5万/月,Python开发工程师,广州-海珠区
1-1.5万/月,python开发工程师,北京-朝阳区
6-8千/月,Python开发工程师,广州
1.5-2.5万/月,Python工程师,深圳-南山区
1.5-4万/月,Python爬虫开发工程师,上海-杨浦区
0.6-1万/月,手游研发工程师（Python）（初级）,北京
1.2-2.4万/月,Python Engineer（上海）,上海-闸北区
1.8-3.5万/月,Python开发工程师,上海-长宁区
0.9-1.5万/月,Python,深圳-南山区
1.5-2万/月,高级python开发工程师,北京
1.5-2万/月,Python高级开发工程师,北京-东城区
1-2万/月,Python开发工程师（数据采集）,上海-浦东新区
1.5-2万/月,Python爬虫开发工程师,北京
1-2.5万/月,Python高级工程师,北京-西城区
0.7-1.4万/月,Python开发,广州-天河区
1-1.5万/月,Python开发工程师,深圳-南山区
1.5-2.5万/月,后台开发工程师/JAVA/Python,北京-昌平区
2.5-3.5万/月,Python高级软件工程师,北京
1.5-2万/月,Python开发工程师,上海-闵行区
6-8千/月,python开发工程师,上海-闵行区
0.5-1万/月,初级数据开发工程师(Python),广州-天河区
2-4万/月,技术工程部-python开发工程师-北京-02155,北京-海淀区
1-2万/月,高级Python工程师,北京-海淀区
0.8-1万/月,Python程序员,深圳-福田区
0.8-1.6万/月,Python安全研发工程师,上海-浦东新区
1-1.5万/月,python开发工程师,上海-徐汇区
1.5-2万/月,python开发工程师,深圳-南山区
1.5-2万/月,大数据平台开发工程师（java/python）,北京
1.5-2.5万/月,python/django/flask开发工程师,上海-闵行区
10-15万/年,Python Developer（Python开发人员）,上海
1-2万/月,高级Python后端开发工程师,广州-海珠区
6-8千/月,python/matlab风险管理,北京-西城区
0.8-1.2万/月,Python开发工程师,深圳
1.5-2万/月,Python开发工程师,上海-闵行区
0.9-1.1万/月,Python开发,上海-浦东新区
1.3-2.8万/月,Python研发工程师,上海-徐汇区
1.5-3万/月,python/go开发,上海-浦东新区
1-1.5万/月,Python web(Django)程序员,上海
1.2-2万/月,python开发工程师,深圳
5-7千/月,Python后台开发（数据分析）,北京-海淀区
1.5-2.5万/月,PYTHON开发工程师,上海-普陀区
1.5-2万/月,高级Python工程师,上海-静安区
1-1.2万/月,python 开发工程师1,广州
1-2万/月,Python开发工程师,北京
1-1.5万/月,python开发工程师,上海
1-1.5万/月,Python开发工程师,广州-天河区
6-8千/月,技术支持工程师（Python软件运维）,北京-海淀区
0.7-1.4万/月,Python中级工程师,上海
1.5-2万/月,Python高级开发工程师,深圳
4-7千/月,Go/Python语言开发工程师,广州-天河区
1-2万/月,Python高级开发工程师,深圳-南山区
0.8-1万/月,python开发工程师,上海-普陀区
0.7-1.4万/月,Python Web 工程师,广州-海珠区
0.8-1.5万/月,Python开发工程师,广州-天河区
1-1.5万/月,python后台开发工程师,深圳-南山区
1-1.5万/月,服务器工程师(python、php),上海-徐汇区
1.5-2万/月,运维开发工程师/计算机/互联网/C/C++/Python/Java,深圳
1-1.5万/月,软件开发工程师（c/c++/python）,上海-浦东新区
0.6-1.5万/月,python/c++ 研发工程师,深圳
1.2-1.8万/月,Python开发工程师,上海-浦东新区
1-1.5万/月,游戏客户端开发工程师（c++/python）,深圳-南山区
0.8-1.1万/月,python测试工程师,上海-浦东新区
1.1-2万/月,python开发,上海-浦东新区
1.5-2万/月,高级 Python 工程师,上海-闵行区
1.5-2万/月,Python/Go 运维开发工程师,上海-黄浦区
20-30万/年,Python,深圳
1.2-1.5万/月,Python中级开发工程师,广州-天河区
4.5-6千/月,Django / Python 开发工程师,广州
5-8千/月,Python开发工程师,广州
0.8-1.2万/月,Python开发工程师,上海
0.8-1.2万/月,Python开发工程师,上海
1-1.5万/月,python开发工程师,北京-海淀区
1-1.5万/月,Python数据挖掘工程师,深圳-福田区
2-3万/月,Python研发工程师,北京-海淀区
1.3-2.5万/月,Python研发工程师,北京
1-1.5万/月,高级PYTHON工程师,上海-长宁区
1-1.5万/月,python开发工程师,深圳-南山区
1.5-2万/月,python开发工程师,北京-朝阳区
0.6-1.5万/月,Python开发工程师,上海-徐汇区
1-1.5万/月,Python高级开发工程师,北京
0.8-1万/月,Python开发工程师,北京
6-8千/月,Python开发工程师,北京-海淀区
0.8-1.5万/月,python工程师（爬虫）,广州-天河区
1.5-2万/月,后端开发工程师（Python开发）,上海-浦东新区
150元/天,"实习生（Java, Python）",上海-徐汇区
1-1.5万/月,Python软件工程师（大数据产品开发）,上海-杨浦区
1.5-2万/月,Python开发工程师,上海
2-2.5万/月,软件工程师（Python开发）,上海-静安区
1-1.5万/月,高级Python开发工程师,广州-天河区
1.2-2.4万/月,Python工程师,上海-浦东新区
1.3-1.7万/月,数据平台工程师（python）,上海-浦东新区
0.6-1万/月,Python开发工程师,上海-嘉定区
1-1.5万/月,(ID49872)知名互联网视频公司 Python开发工程师,上海
1-2万/月,Python高级开发工程师,深圳-南山区
0.8-1万/月,Python/C++软件开发工程师,上海-浦东新区
1.5-2万/月,Python高级开发工程师,深圳-南山区
1-2万/月,信息安全Python研发工程师,深圳
5-6千/月,Python开发实习生,上海-徐汇区
0.6-1.2万/月,Python 开发工程师,广州
0.8-1万/月,Python软件工程师,广州-天河区
1.3-2万/月,后台开发工程师（Python、Java、PHP）,上海
1-1.5万/月,python工程师,上海
1-2万/月,Python开发工程师,深圳-罗湖区
0.8-1万/月,Python Web开发工程师,上海
1-1.5万/月,Python工程师,北京-海淀区
1-1.5万/月,Python开发工程师,北京-海淀区
1.5-2.5万/月,后端开发工程师（Python方向）,广州-海珠区
4-8千/月,Python开发工程师,深圳
1-1.5万/月,Python开发工程师,广州-天河区
1-1.5万/月,Python高级开发工程师,北京-东城区
2-3万/月,Python工程师（绿野）,北京-海淀区
1-2.5万/月,Python对日软件开发工程师,异地招聘
1.5-2万/月,Python软件工程师,上海-长宁区
1-1.5万/月,Python开发工程师,深圳-南山区
1.3-1.8万/月,Python算法工程师,北京-海淀区
1.5-3万/月,python后端工程师,上海
1-1.8万/月,人工智能 软件工程师（C++/Python/机器学习方向),深圳
1.3-1.8万/月,Python高级开发工程师,广州-南沙区
1-1.5万/月,python开发工程师,异地招聘
0.6-2万/月,Python+MySQL 后台开发工程师,深圳-龙华新区
0.8-1万/月,python web 开发工程师,北京-海淀区
1.5-2万/月,Python工程师,北京-海淀区
,阿里移动-Python开发工程师,广州
,"Software Engineer-Python, Perl",上海
0.8-1.5万/月,python开发工程师,上海-徐汇区
1-1.5万/月,Python爬虫工程师,北京-朝阳区
6-8千/月,Perl开发工程师/c#开发工程师/python开发工程师,北京-海淀区
1.5-2万/月,python开发工程师,北京
3-4.5千/月,python开发实习生（急聘）,北京
1.5-2万/月,Python开发工程师,北京-朝阳区
1-2万/月,Python,深圳-龙岗区
1-2万/月,Python开发工程师,上海-杨浦区
1.5-2万/月,Python开发工程师,上海-杨浦区
3.5-5万/月,Linux C++/Python高级研发工程师,北京-朝阳区
2-2.5万/月,Python高级开发工程师,上海
1-1.5万/月,Python爬虫工程师,广州-白云区
6-8千/月,python开发工程师,广州
1-1.5万/月,Python开发工程师,北京
1.5-3万/月,Python开发工程师（互联网）,上海-宝山区
1-1.5万/月,python爬虫工程师,深圳-龙岗区
0.8-1万/月,Python开发工程师,广州
1.5-2万/月,python开发工程师--爬虫方向,上海-徐汇区
6-8千/月,运维研发python工程师,上海
10-15万/年,Python工程师,北京-朝阳区
0.6-1.5万/月,python 开发工程师,上海-普陀区
1.5-2.5万/月,python爬虫开发工程师,广州
1.5-2.5万/月,Python高级开发工程师,北京-朝阳区
1.5-2万/月,python游戏服务端开发主程序员,北京-朝阳区
0.5-1万/月,python工程师/perl工程师/php工程师,广州-萝岗区
0.5-1万/月,python工程师,深圳-龙岗区
2-5万/月,资深Python后端开发/架构师,上海-杨浦区
0.7-2万/月,python开发,上海-杨浦区
0.8-1万/月,Java/Python服务器后台开发,上海-闵行区
1-1.5万/月,Python开发工程师,北京-海淀区
1.5-3万/月,python讲师,北京-海淀区
0.8-1.5万/月,python 软件工程师,上海-徐汇区
2-2.5万/月,Python高级开发工程师,北京-朝阳区
1-1.5万/月,Python开发工程师,上海-浦东新区
1-1.5万/月,Python 程序员 (数据应用岗),上海-浦东新区
0.8-1.2万/月,python工程师,广州-天河区
1-1.5万/月,Python工程师,上海-浦东新区
1.5-2万/月,搜狐媒体-社交产品中心-Python开发工程师,北京-海淀区
1.5-2.5万/月,高级PHP开发工程师（需懂些Python）,上海
0.8-1.5万/月,"python运维工程师(zabbix,私有云方向)",广州-越秀区
0.8-1万/月,Python软件开发工程师,广州
1-1.5万/月,Python后端开发工程师,北京-朝阳区
1-2万/月,Python开发工程师,上海-徐汇区
0.8-1.5万/月,python爬虫工程师,北京
0.4-1.5万/月,气象卫星遥感应用开发/c++/java/Python/Fortran,异地招聘
1.5-2.5万/月,Python研发工程师,北京-海淀区
1-1.5万/月,python,异地招聘
1-1.5万/月,Python开发工程师,北京
1.5-2万/月,Python讲师,广州-天河区
1.5-2.5万/月,Python开发工程师,北京
2.5-3万/月,Python高级开发工程师,北京
0.8-1万/月,python后台开发工程师,广州-天河区
1-1.5万/月,java/python后台工程师,北京-朝阳区
1-1.9万/月,python开发工程师,深圳
0.7-1.4万/月,风险软件工程师(Python方向),上海
4.5-6千/月,Python开发工程师,广州
1.5-2.5万/月,Python开发工程师,深圳-罗湖区
6-8千/月,招聘Python讲师,广州
1-2万/月,Python开发工程师,北京
1-1.5万/月,python开发工程师,上海
1.5-2万/月,Python开发工程师,上海
0.8-1.5万/月,Python开发工程师,北京-朝阳区
0.8-1.5万/月,Python开发工程师,北京-东城区
0.8-1.8万/月,高级Python开发工程师/Django开发工程师/python大数据,广州-白云区
1-1.5万/月,爬虫抓取工程师（java，python）,上海-静安区
1-2万/月,Python开发工程师（maya插件）,北京-昌平区
20-30万/年,"Software Engineer_Python/C,C++/EDA",上海
0.6-1.8万/月,python开发工程师/python爬虫/python数据挖掘,广州
0.8-1.5万/月,Python研发工程师（云安全研发部1702）,北京
1.5-2万/月,Python讲师,北京
6-8千/月,Python开发工程师,北京-海淀区
0.7-1.5万/月,Python开发工程师,广州-增城
1.5-2万/月,Python开发工程师,北京
1.2-2.4万/月,高级Python开发工程师,上海-浦东新区
1-1.5万/月,python工程师,上海-浦东新区
1-1.5万/月,python软件开发工程师/运维开发工程师,深圳-南山区
1-1.5万/月,Python开发工程师,北京
1-1.5万/月,业务运维工程师（python）,深圳-南山区
1.5-2万/月,Python/node程序员,北京
1.2-2.8万/月,php / ruby / python / nodejs / go 软件工程师,上海-杨浦区
0.8-1.2万/月,python软件开发工程师,上海-徐汇区
1-2.5万/月,Python开发工程师,上海-浦东新区
,服务端研发工程师-Python（万得子公司）,上海
1-1.5万/月,Python开发工程师,上海-长宁区
1.5-2万/月,python开发工程师,上海-徐汇区
1.5-2万/月,Python高级开发工程师,北京-海淀区
1-1.5万/月,Python后端开发工程师,上海-普陀区
1-1.5万/月,python开发工程师,深圳
0.8-1.5万/月,python 工程师,广州-天河区
20-30万/年,python 开发工程师,上海-普陀区
2-2.5万/月,Senior Software Engineer- Python,北京-海淀区
2.5-3万/月,资深软件工程师 (Python),上海-黄浦区
6-8千/月,Python 开发工程师,北京-朝阳区
1-1.5万/月,python工程师,北京-东城区
,Python研发工程师（北京）,北京
0.6-1万/月,python数据采集工程师,广州-天河区
0.9-1.6万/月,Python开发工程师,深圳-福田区
1.2-2万/月,Python开发工程师,北京-海淀区
12-20万/年,Python开发工程师,上海
0.7-1万/月,Python开发工程师,广州-海珠区
0.8-1万/月,PYTHON开发工程师,北京
1-1.5万/月,Python开发工程师,深圳
1.5-2万/月,Python开发工程师-爱智康,北京-海淀区
1-3万/月,Python/PHP 语言开发工程师-YL,深圳-南山区
0.6-1万/月,PHP/Python ERP软件开发工程师,广州-天河区
1.5-3万/月,高级python开发工程师,北京-朝阳区
1-1.5万/月,python（应届生）,上海-徐汇区
1-1.5万/月,初级python开发工程师,上海
1-1.5万/月,liunx运维工程师（有python开发经验）,北京-海淀区
1-1.5万/月,Python运维开发工程师,北京-朝阳区
1-1.5万/月,Python数据挖掘工程师（爬虫方向）,深圳-龙华新区
6-8千/月,python开发工程师,上海-闵行区
10-50万/年,运维软件-平台研发工程师 (Python) （上海、嘉兴）,上海-徐汇区
0.8-1.6万/月,Python工程师,上海-浦东新区
,HY2-监控系统开发工程师-Python（深圳）,深圳
7-12万/年,Python软件工程师(实习),广州
2-3万/月,资深Python工程师,广州-天河区
1.5-2万/月,Python开发工程师,北京-海淀区
1-2万/月,Python web开发工程师,上海-闵行区
1-1.5万/月,python Web开发工程师,上海
0.9-1.2万/月,Python高级开发工程师,深圳
1.5-2万/月,Web 开发工程师 - Python,上海
1.5-3万/月,Python工程师,北京-海淀区
4.5-6千/月,python系统技术支持工程师,北京-石景山区
1.5-2万/月,Python开发工程师,异地招聘
1-1.5万/月,python开发工程师-北京-02211,北京
0.8-1.6万/月,软件开发工程师（python）,深圳
2-3万/月,Python服务器工程师-小米电视,北京-海淀区
0.8-1万/月,Python工程师（爬虫方向）,北京-海淀区
1.5-2万/月,python开发,北京-朝阳区
0.7-1万/月,Python开发工程师,深圳-南山区
0.6-1.1万/月,PHP、Python程序员,深圳-福田区
1.5-2.2万/月,Python程序员,上海-浦东新区
2-2.5万/月,Python开发工程师,北京-丰台区
2-2.5万/月,Python开发工程师,北京-海淀区
6-8千/月,Python软件工程师,北京-海淀区
1-1.5万/月,C++/Python 开发人员,北京-海淀区
0.6-1万/月,Python高级开发工程师,广州
0.8-1万/月,python测试工程师-长椿街-wx,北京-西城区
1-1.5万/月,python数据挖掘研究员,上海
300元/天,Python web开发实习生,上海-长宁区
0.8-1万/月,Python软件开发师,广州-天河区
0.8-1万/月,python开发工程师,上海-卢湾区
0.8-1万/月,Python后端数据工程师,上海-闸北区
1.5-2万/月,python/c工程师,广州-天河区
2-3万/月,Python高级开发工程师,上海-浦东新区
1-2.5万/月,python开发工程师,北京
1.5-2.5万/月,Python开发工程师,深圳-南山区
2.5-3万/月,python开发工程师-KingFile,北京
1-1.5万/月,Python开发工程师,深圳-福田区
1-1.8万/月,Python软件工程师,上海-普陀区
1.5-2.5万/月,Python研发工程师-爬虫方向,北京
1-2万/月,Python开发工程师,深圳-南山区
1.5-2.5万/月,Python开发工程师,北京-海淀区
1.5-2万/月,软件工程师 - Python,上海
250元/天,***IT编程中小学讲师助理（C++/Python方向）,上海-杨浦区
10-15万/年,Python开发工程师,上海-浦东新区
1.5-2.5万/月,python讲师(000554),北京
1-1.2万/月,Python爬虫工程师,北京-朝阳区
1-2万/月,Python开发工程师,上海-浦东新区
1.5-2.5万/月,Python高级开发工程师,北京
1-2.5万/月,Python工程师,北京-朝阳区
1.5-2万/月,python工程师,北京-朝阳区
0.8-1.5万/月,Python 开发工程师,北京-海淀区
1.5-2万/月,Python 后端工程师,上海
1-2万/月,后端服务器程序员python优先,上海-宝山区
1.5-2万/月,Python开发工程师,北京-朝阳区
1-1.8万/月,高级Python开发工程师,广州
0.8-1万/月,数据工程师（python）,上海-徐汇区
4-8千/月,Python/C/C++语言开发工程师,广州-番禺区
1.5-2万/月,python高级开发工程师,北京-朝阳区
10-20万/年,python开发工程师,北京-海淀区
1.5-2万/月,Python工程师/软件工程师,深圳-龙岗区
1-1.5万/月,软件开发工程师（.NET、Python）,深圳-龙岗区
6-8千/月,Python 爬虫工程师,北京
1.5-2万/月,python培训讲师（专***）,深圳-南山区
1.5-3万/月,Python测试开发工程师,上海-浦东新区
1-1.8万/月,Python开发工程师,北京-朝阳区
1-1.5万/月,Python开发工程师,上海
1-1.5万/月,Python后端研发,北京-海淀区
15-20万/年,Python软件工程师(工业物联网事业部),上海-浦东新区
3-4万/月,Python开发工程师,上海-浦东新区
0.8-1万/月,C++/Python研发工程师,北京-朝阳区
0.8-1.5万/月,python后台开发,深圳-南山区
0.8-1.2万/月,Python软件工程师,北京-东城区
0.8-1万/月,Python 开发工程师（外派）,上海
2.5-3万/月,Python Engineer,北京-朝阳区
1-1.6万/月,Python web开发工程师,广州-天河区
1.5-2.2万/月,python工程师,北京-东城区
1-1.5万/月,Python开发工程师（爬虫经验）+准上市公司+福利好,深圳-福田区
20-30万/年,python与大数据开发工程师,北京-海淀区
0.8-1.5万/月,Python 后端开发工程师,上海-浦东新区
1.5-2万/月,测试开发工程师（C++/python）,上海-浦东新区
1.5-2万/月,python,上海-徐汇区
1-2万/月,python爬虫工程师,北京-朝阳区
1-1.5万/月,Python 数据采集工程师,广州-天河区
1-1.5万/月,Python工程师,北京-朝阳区
1-1.5万/月,Python开发工程师,上海-长宁区
2.5-3万/月,Python开发培训讲师（全职或兼职）,上海-黄浦区
0.8-1.5万/月,Python工程师，对接VNPY系统,北京-怀柔区
1-2万/月,Python工程师,北京-朝阳区
2-3万/月,Python Web后端工程师,北京-海淀区
2-6万/月,高级python工程师,深圳
1-1.5万/月,Python爬虫工程师,北京-朝阳区
1.5-2万/月,数据采集工程师-python,北京-朝阳区
1-1.2万/月,Python工程师,北京-朝阳区
2.5-3万/月,架构师（python),异地招聘
1-2万/月,Python开发工程师,北京-朝阳区
0.7-2.1万/月,驻京航天部门python/lua动态语言程序员,北京-海淀区
2-2.5万/月,Python高级开发工程师,上海-浦东新区
0.8-1.2万/月,Python开发工程师,深圳-宝安区
4.5-6千/月,python工程师实习生,北京-朝阳区
1-2.5万/月,Java/Python/Hadoop高级软件研发工程师,上海-浦东新区
1-1.5万/月,Python工程师,北京
1-1.5万/月,python开发工程师,上海
1.5-3万/月,Python开发工程师,上海-浦东新区
120元/天,Python/Java实习生,北京-朝阳区
2-2.5万/月,Python开发工程师,上海-杨浦区
1.5-2万/月,Python开发工程师,北京-海淀区
2.5-3万/月,高级python开发工程师(12952),广州-荔湾区
2-4万/月,Python开发工程师,北京-海淀区
0.5-1.2万/月,Python开发工程师（大数据）,深圳-罗湖区
1.5-2万/月,Python开发工程师,深圳-福田区
1-1.5万/月,Python 高级软件工程师,上海
0.8-1.5万/月,Python 中级开发工程师,上海
0.8-1.2万/月,Python开发工程师,北京-海淀区
2-3万/月,爬虫工程师(Python方向),上海-杨浦区
0.8-1.2万/月,Python开发工程师-云计算方向,北京-朝阳区
15-20万/年,Python高级开发工程师,北京
1-1.5万/月,Python开发实习生,上海-浦东新区
1-1.5万/月,Python高级工程师,北京-朝阳区
1.5-2万/月,Python开发工程师,上海-闵行区
0.8-1.5万/月,Data Analytics Developer - Python,上海-长宁区
1-1.5万/月,python工程师,北京-海淀区
7-8千/月,Python运维工程师,上海-徐汇区
1.5-2万/月,Python高级开发工程师,上海
15-20万/年,Python高级开发工程师,广州-天河区
1-2万/月,Python web应用开发程序员,北京-海淀区
1.5-2万/月,php/Java/Python/C++开发工程师-平台,北京-海淀区
1-1.5万/月,Python开发,上海-徐汇区
1-1.5万/月,Python高级开发工程师,异地招聘
1-1.5万/月,Python 中高级工程师（爬虫方向）,北京-西城区
1.5-2万/月,Python高级开发工程师,深圳-福田区
6-8千/月,JavaScript和Python开发工程师,北京-朝阳区
1.2-1.8万/月,python开发工程师,上海-黄浦区
1.5-2万/月,编程课程设计（熟悉python）,上海
10-20万/年,Python工程师,深圳
5-8千/月,Python软件工程师--国服,深圳
1.4-2.8万/月,后端开发 -Python/高级软件开发,上海-浦东新区
1-1.5万/月,Python开发工程师,异地招聘
2.5-5万/月,Python工程师（代招）,异地招聘
1.8-3万/月,Python后端开发,上海-浦东新区
1.2-1.8万/月,大数据python开发工程师（银行金融，大数据研发）,上海-浦东新区
1-1.5万/月,Python开发工程师,深圳-龙岗区
20-30万/年,python 开发工程师,上海-浦东新区
2-2.5万/月,Python运维开发（外派石景山）,北京-石景山区
0.7-1.2万/月,PYTHON开发工程师,上海-青浦区
0.7-1.5万/月,Python开发工程师+双休+五险一金,广州-天河区
1-1.5万/月,Python开发工程师(J10080),北京-大兴区
0.8-1.6万/月,python web开发工程师,深圳
1.5-2万/月,"Software Engineer  Python, Java, Cloud",北京
1-1.5万/月,Python工程师,深圳
6-8千/月,量化IT系统工程师（C++、python、matlab）,广州-天河区
0.8-1万/月,服务器开发工程师（Python）,异地招聘
0.8-1.5万/月,python工程师,北京-海淀区
0.6-1.2万/月,python开发工程师,上海-长宁区
1.5-2万/月,Python开发工程师,上海
1.5-2万/月,Python工程师,北京
1-1.8万/月,python工程师,北京-海淀区
1.2-1.8万/月,后端开发工程师（python）,广州
1-2万/月,后端研发/Python工程师-真格基金被投公司-齿轮易创,北京
1.5-2万/月,python爬虫工程师,上海-静安区
120元/天,Python 数据开发实习生,上海-徐汇区
1-1.5万/月,Python开发工程师,北京-朝阳区
10-15万/年,Python研发工程师,上海
1.5-2.5万/月,高级Python工程师,上海
1.5-3万/月,Python工程师,上海
4.9-8.9千/月,爬虫工程师（Python工程师）,广州
3-4.5千/月,Python视觉算法实习生,上海-浦东新区
1-1.5万/月,Python开发工程师(J10644),北京-海淀区
1.5-2万/月,Python开发工程师,上海-浦东新区
15-20万/年,Python高级开发工程师,深圳-罗湖区
1-1.5万/月,Python开发工程师,上海-虹口区
6-8千/月,Python工程师,上海-闵行区
1-2万/月,Python后端开发,广州-海珠区
0.6-1.2万/月,Python工程师,北京
1-1.5万/月,Python开发工程师,深圳-福田区
1.5-2万/月,000017-008乐视控股-高级python开发工程师/爬虫-北京,北京-朝阳区
1-1.5万/月,数据研发工程师（python）,北京-海淀区
1-1.5万/月,Python开发工程师(J10185),北京-大兴区
0.8-1.2万/月,高级软件工程师(Python),深圳-福田区
10-15万/年,Python高级工程师,深圳
1.5-3万/月,Python研发工程师,上海
1-1.5万/月,Python工程师,广州-天河区
0.8-1万/月,python开发工程师（20名）,深圳-南山区
1.5-2万/月,python开发,北京
1-2万/月,Python开发工程师,北京-朝阳区
5-6千/月,Python开发工程师,广州-天河区
1-1.5万/月,大客户服务部-软件开发工程师（Java/C++/Python）,深圳
1.2-1.5万/月,期货项目软件测试工程师 会用Python,上海
0.8-1.5万/月,Python开发工程师,上海-嘉定区
1.5-2万/月,Python开发工程师,北京-朝阳区
1.5-2万/月,Python开发工程师,深圳-南山区
1-1.5万/月,Python开发工程师,北京-海淀区
1-1.5万/月,Python开发工程师,北京-海淀区
4.5-7千/月,Python开发工程师,广州-萝岗区
0.8-1.5万/月,python 工程师,广州-天河区
6-8千/月,Python 初级开发工程师,上海-闵行区
1.5-2万/月,中物物联网—Python中/高级工程师,上海-松江区
2.5-3万/月,Python开发工程师,北京-大兴区
